<application>
  <component name="LanguageInjectionConfiguration">
    <injection language="JPAQL" injector-id="java">
      <display-name>EntityManager.createQuery (javax.persistence)</display-name>
      <place disabled="true"><![CDATA[psiParameter().ofMethod(0, psiMethod().withName("createQuery").withParameters("java.lang.String").definedInClass("javax.persistence.EntityManager"))]]></place>
      <place><![CDATA[psiParameter().ofMethod(0, psiMethod().withName("createQuery").withParameters("java.lang.String", "java.lang.Class").definedInClass("javax.persistence.EntityManager"))]]></place>
    </injection>
  </component>
</application>