<application>
  <component name="ProjectManager">
    <defaultProject>
      <component name="ComposerSettings">
        <execution>
          <executable />
        </execution>
      </component>
      <component name="CoverageOptionsProvider">
        <option name="myAddOrReplace" value="0" />
      </component>
      <component name="JSLintConfiguration" json="true">
        <option maxerr="50" />
      </component>
      <component name="JsFlowSettings">
        <service-enabled>true</service-enabled>
        <exe-path />
        <other-services-enabled>true</other-services-enabled>
        <auto-save>true</auto-save>
      </component>
      <component name="ProjectInspectionProfilesVisibleTreeState">
        <entry key="Project Default">
          <profile-state>
            <expanded-state>
              <State />
              <State>
                <id>Java</id>
              </State>
            </expanded-state>
            <selected-state>
              <State>
                <id>Java</id>
              </State>
            </selected-state>
          </profile-state>
        </entry>
      </component>
      <component name="ProjectRootManager" version="2" languageLevel="JDK_13" project-jdk-name="13" project-jdk-type="JavaSDK" />
      <component name="PropertiesComponent">
        <property name="project.structure.last.edited" value="Problems" />
        <property name="project.structure.proportion" value="0.13163482" />
        <property name="project.structure.side.proportion" value="0.20295203" />
        <property name="settings.editor.selected.configurable" value="ics" />
      </component>
      <component name="UpdateCopyrightCheckinHandler">
        <option name="UPDATE_COPYRIGHT" value="true" />
      </component>
      <component name="VcsManagerConfiguration">
        <option name="CHECK_CODE_CLEANUP_BEFORE_PROJECT_COMMIT" value="true" />
        <option name="OPTIMIZE_IMPORTS_BEFORE_PROJECT_COMMIT" value="true" />
        <option name="REFORMAT_BEFORE_PROJECT_COMMIT" value="true" />
        <option name="REARRANGE_BEFORE_PROJECT_COMMIT" value="true" />
      </component>
      <component name="YarnPnpManager">
        <pnp-files />
      </component>
      <component name="masterDetails">
        <states>
          <state key="GlobalLibrariesConfigurable.UI">
            <settings>
              <splitter-proportions>
                <option name="proportions">
                  <list>
                    <option value="0.20295203" />
                  </list>
                </option>
              </splitter-proportions>
            </settings>
          </state>
          <state key="JdkListConfigurable.UI">
            <settings>
              <last-edited>13</last-edited>
              <splitter-proportions>
                <option name="proportions">
                  <list>
                    <option value="0.20295203" />
                  </list>
                </option>
              </splitter-proportions>
            </settings>
          </state>
          <state key="ProjectJDKs.UI">
            <settings>
              <last-edited>13</last-edited>
              <splitter-proportions>
                <option name="proportions">
                  <list>
                    <option value="0.2" />
                  </list>
                </option>
              </splitter-proportions>
            </settings>
          </state>
          <state key="ProjectLibrariesConfigurable.UI">
            <settings>
              <splitter-proportions>
                <option name="proportions">
                  <list>
                    <option value="0.20295203" />
                  </list>
                </option>
              </splitter-proportions>
            </settings>
          </state>
        </states>
      </component>
    </defaultProject>
  </component>
</application>