<application>
  <component name="InlayHintsSettings">
    <option name="lastViewedProviderKeyId" value="annotation.hints" />
    <settingsMapElement>
      <JAVA.annotation.hints>
        <Settings>
          <option name="showInferred" value="true" />
        </Settings>
      </JAVA.annotation.hints>
      <JavaScript.js.type.hints>
        <Settings>
          <option name="showForFunctions" value="true" />
          <option name="showForShorthandFunctions" value="true" />
          <option name="showForVariablesAndFields" value="true" />
        </Settings>
      </JavaScript.js.type.hints>
      <TypeScript.ts.type.hints>
        <Settings>
          <option name="showForFunctions" value="true" />
          <option name="showForShorthandFunctions" value="true" />
          <option name="showForVariablesAndFields" value="true" />
        </Settings>
      </TypeScript.ts.type.hints>
    </settingsMapElement>
  </component>
</application>