<profile version="1.0">
  <option name="myName" value="Default" />
  <inspection_tool class="AbstractClassExtendsConcreteClass" enabled="true" level="WARNING" enabled_by_default="true" />
  <inspection_tool class="AbstractClassNeverImplemented" enabled="true" level="WARNING" enabled_by_default="true" />
  <inspection_tool class="AbstractMethodOverridesAbstractMethod" enabled="true" level="WARNING" enabled_by_default="true" />
  <inspection_tool class="AbstractMethodOverridesConcreteMethod" enabled="true" level="WARNING" enabled_by_default="true" />
  <inspection_tool class="AbstractMethodWithMissingImplementations" enabled="true" level="WARNING" enabled_by_default="true" />
  <inspection_tool class="AmbiguousFieldAccess" enabled="true" level="WARNING" enabled_by_default="true" />
  <inspection_tool class="ArrayEquality" enabled="true" level="WARNING" enabled_by_default="true" />
  <inspection_tool class="AssertAsName" enabled="true" level="WARNING" enabled_by_default="true" />
  <inspection_tool class="AssertEqualsCalledOnArray" enabled="true" level="WARNING" enabled_by_default="true" />
  <inspection_tool class="AssertEqualsMayBeAssertSame" enabled="true" level="WARNING" enabled_by_default="true" />
  <inspection_tool class="AssertMessageNotString" enabled="true" level="WARNING" enabled_by_default="true" />
  <inspection_tool class="AssertsWithoutMessages" enabled="true" level="WARNING" enabled_by_default="true" />
  <inspection_tool class="AssignmentToCatchBlockParameter" enabled="true" level="WARNING" enabled_by_default="true" />
  <inspection_tool class="AssignmentToForLoopParameter" enabled="true" level="WARNING" enabled_by_default="true">
    <option name="m_checkForeachParameters" value="true" />
  </inspection_tool>
  <inspection_tool class="AssignmentToLambdaParameter" enabled="true" level="WARNING" enabled_by_default="true">
    <option name="ignoreTransformationOfOriginalParameter" value="true" />
  </inspection_tool>
  <inspection_tool class="AssignmentToMethodParameter" enabled="true" level="WARNING" enabled_by_default="true">
    <option name="ignoreTransformationOfOriginalParameter" value="true" />
  </inspection_tool>
  <inspection_tool class="AssignmentToSuperclassField" enabled="true" level="WARNING" enabled_by_default="true" />
  <inspection_tool class="AssignmentUsedAsCondition" enabled="true" level="WARNING" enabled_by_default="true" />
  <inspection_tool class="BadExceptionCaught" enabled="true" level="WARNING" enabled_by_default="true">
    <option name="exceptionsString" value="" />
    <option name="exceptions">
      <value />
    </option>
  </inspection_tool>
  <inspection_tool class="BadExceptionDeclared" enabled="true" level="WARNING" enabled_by_default="true">
    <option name="exceptionsString" value="" />
    <option name="exceptions">
      <value />
    </option>
    <option name="ignoreTestCases" value="false" />
    <option name="ignoreLibraryOverrides" value="false" />
  </inspection_tool>
  <inspection_tool class="BadExceptionThrown" enabled="true" level="WARNING" enabled_by_default="true">
    <option name="exceptionsString" value="" />
    <option name="exceptions">
      <value />
    </option>
  </inspection_tool>
  <inspection_tool class="BadOddness" enabled="true" level="WARNING" enabled_by_default="true" />
  <inspection_tool class="BigDecimalEquals" enabled="true" level="WARNING" enabled_by_default="true" />
  <inspection_tool class="BooleanExpressionMayBeConditional" enabled="true" level="WARNING" enabled_by_default="true" />
  <inspection_tool class="BooleanMethodNameMustStartWithQuestion" enabled="true" level="WARNING" enabled_by_default="true">
    <option name="ignoreBooleanMethods" value="false" />
    <option name="ignoreInAnnotationInterface" value="true" />
    <option name="onlyWarnOnBaseMethods" value="true" />
    <option name="questionString" value="add,are,can,check,contains,could,endsWith,equals,has,is,matches,must,put,remove,shall,should,startsWith,was,were,will,would" />
  </inspection_tool>
  <inspection_tool class="BooleanParameter" enabled="true" level="WARNING" enabled_by_default="true" />
  <inspection_tool class="BooleanVariableAlwaysNegated" enabled="true" level="WARNING" enabled_by_default="true" />
  <inspection_tool class="BreakStatement" enabled="true" level="WARNING" enabled_by_default="true" />
  <inspection_tool class="BreakStatementWithLabel" enabled="true" level="WARNING" enabled_by_default="true" />
  <inspection_tool class="CStyleArrayDeclaration" enabled="true" level="INFORMATION" enabled_by_default="true" />
  <inspection_tool class="CallToStringConcatCanBeReplacedByOperator" enabled="true" level="INFORMATION" enabled_by_default="true" />
  <inspection_tool class="CastConflictsWithInstanceof" enabled="true" level="WARNING" enabled_by_default="true" />
  <inspection_tool class="CastThatLosesPrecision" enabled="true" level="WARNING" enabled_by_default="true">
    <option name="ignoreIntegerCharCasts" value="false" />
    <option name="ignoreOverflowingByteCasts" value="false" />
  </inspection_tool>
  <inspection_tool class="CastToConcreteClass" enabled="true" level="WARNING" enabled_by_default="true" />
  <inspection_tool class="CastToIncompatibleInterface" enabled="true" level="WARNING" enabled_by_default="true" />
  <inspection_tool class="ChainedEquality" enabled="true" level="WARNING" enabled_by_default="true" />
  <inspection_tool class="ClassComplexity" enabled="true" level="WARNING" enabled_by_default="true">
    <option name="m_limit" value="80" />
  </inspection_tool>
  <inspection_tool class="ClassCoupling" enabled="true" level="WARNING" enabled_by_default="true">
    <option name="m_includeJavaClasses" value="false" />
    <option name="m_includeLibraryClasses" value="false" />
    <option name="m_limit" value="15" />
  </inspection_tool>
  <inspection_tool class="ClassIndependentOfModule" enabled="true" level="WARNING" enabled_by_default="true" />
  <inspection_tool class="ClassInitializer" enabled="true" level="WARNING" enabled_by_default="true" />
  <inspection_tool class="ClassNameDiffersFromFileName" enabled="true" level="WARNING" enabled_by_default="true" />
  <inspection_tool class="ClassNameSameAsAncestorName" enabled="true" level="WARNING" enabled_by_default="true" />
  <inspection_tool class="ClassNestingDepth" enabled="true" level="WARNING" enabled_by_default="true">
    <option name="m_limit" value="1" />
  </inspection_tool>
  <inspection_tool class="ClassNewInstance" enabled="true" level="WARNING" enabled_by_default="true" />
  <inspection_tool class="ClassOnlyUsedInOnePackage" enabled="true" level="WARNING" enabled_by_default="true" />
  <inspection_tool class="ClassReferencesSubclass" enabled="true" level="WARNING" enabled_by_default="true" />
  <inspection_tool class="ClassUnconnectedToPackage" enabled="true" level="WARNING" enabled_by_default="true" />
  <inspection_tool class="ClassWithMultipleLoggers" enabled="true" level="WARNING" enabled_by_default="true">
    <option name="loggerNamesString" value="java.util.logging.Logger,org.slf4j.Logger,org.apache.commons.logging.Log,org.apache.log4j.Logger,org.apache.logging.log4j.Logger" />
  </inspection_tool>
  <inspection_tool class="ClassWithOnlyPrivateConstructors" enabled="true" level="INFORMATION" enabled_by_default="true" />
  <inspection_tool class="CloneReturnsClassType" enabled="true" level="WARNING" enabled_by_default="true" />
  <inspection_tool class="CloneableImplementsClone" enabled="true" level="WARNING" enabled_by_default="true">
    <option name="m_ignoreCloneableDueToInheritance" value="false" />
  </inspection_tool>
  <inspection_tool class="CollectionContainsUrl" enabled="true" level="WARNING" enabled_by_default="true" />
  <inspection_tool class="CollectionsMustHaveInitialCapacity" enabled="true" level="WARNING" enabled_by_default="true" />
  <inspection_tool class="ComparableImplementedButEqualsNotOverridden" enabled="true" level="WARNING" enabled_by_default="true" />
  <inspection_tool class="ConditionalExpression" enabled="false" level="INFORMATION" enabled_by_default="false" />
  <inspection_tool class="ConditionalExpressionWithIdenticalBranches" enabled="true" level="WARNING" enabled_by_default="true" />
  <inspection_tool class="ConfusingFloatingPointLiteral" enabled="true" level="WARNING" enabled_by_default="true" />
  <inspection_tool class="ConfusingMainMethod" enabled="true" level="WARNING" enabled_by_default="true" />
  <inspection_tool class="ConfusingOctalEscape" enabled="true" level="WARNING" enabled_by_default="true" />
  <inspection_tool class="ConstantAssertCondition" enabled="true" level="WARNING" enabled_by_default="true" />
  <inspection_tool class="ConstantJUnitAssertArgument" enabled="true" level="WARNING" enabled_by_default="true" />
  <inspection_tool class="ConstantMathCall" enabled="true" level="WARNING" enabled_by_default="true" />
  <inspection_tool class="ConstantOnWrongSideOfComparison" enabled="true" level="INFORMATION" enabled_by_default="true">
    <option name="myConstantShouldGoLeft" value="false" />
  </inspection_tool>
  <inspection_tool class="ContinueStatement" enabled="true" level="WARNING" enabled_by_default="true" />
  <inspection_tool class="ContinueStatementWithLabel" enabled="true" level="WARNING" enabled_by_default="true" />
  <inspection_tool class="CovariantEquals" enabled="true" level="WARNING" enabled_by_default="true" />
  <inspection_tool class="DeclareCollectionAsInterface" enabled="true" level="WARNING" enabled_by_default="true">
    <option name="ignoreLocalVariables" value="false" />
    <option name="ignorePrivateMethodsAndFields" value="false" />
  </inspection_tool>
  <inspection_tool class="DefaultNotLastCaseInSwitch" enabled="true" level="WARNING" enabled_by_default="true" />
  <inspection_tool class="DollarSignInName" enabled="true" level="WARNING" enabled_by_default="true" />
  <inspection_tool class="DoubleLiteralMayBeFloatLiteral" enabled="true" level="WARNING" enabled_by_default="true" />
  <inspection_tool class="DriverManagerGetConnection" enabled="true" level="WARNING" enabled_by_default="true" />
  <inspection_tool class="DuplicateBooleanBranch" enabled="true" level="WARNING" enabled_by_default="true" />
  <inspection_tool class="DynamicRegexReplaceableByCompiledPattern" enabled="true" level="WARNING" enabled_by_default="true" />
  <inspection_tool class="EmptyClass" enabled="true" level="WARNING" enabled_by_default="true">
    <option name="ignorableAnnotations">
      <value />
    </option>
    <option name="ignoreClassWithParameterization" value="false" />
    <option name="ignoreThrowables" value="true" />
    <option name="commentsAreContent" value="true" />
  </inspection_tool>
  <inspection_tool class="EmptyDirectory" enabled="true" level="WARNING" enabled_by_default="true" />
  <inspection_tool class="EnumAsName" enabled="true" level="WARNING" enabled_by_default="true" />
  <inspection_tool class="EnumerationCanBeIteration" enabled="true" level="WARNING" enabled_by_default="true" />
  <inspection_tool class="EqualsAndHashcode" enabled="true" level="WARNING" enabled_by_default="true" />
  <inspection_tool class="EqualsCalledOnEnumConstant" enabled="true" level="WARNING" enabled_by_default="true" />
  <inspection_tool class="EqualsHashCodeCalledOnUrl" enabled="true" level="WARNING" enabled_by_default="true" />
  <inspection_tool class="ExceptionNameDoesntEndWithException" enabled="true" level="WARNING" enabled_by_default="true" />
  <inspection_tool class="ExceptionPackage" enabled="true" level="WARNING" enabled_by_default="true" />
  <inspection_tool class="ExpectedExceptionNeverThrown" enabled="true" level="WARNING" enabled_by_default="true" />
  <inspection_tool class="ExtendsThrowable" enabled="true" level="WARNING" enabled_by_default="true" />
  <inspection_tool class="ExtendsUtilityClass" enabled="true" level="WARNING" enabled_by_default="true" />
  <inspection_tool class="FallthruInSwitchStatement" enabled="true" level="WARNING" enabled_by_default="true" />
  <inspection_tool class="FeatureEnvy" enabled="true" level="WARNING" enabled_by_default="true">
    <option name="ignoreTestCases" value="false" />
  </inspection_tool>
  <inspection_tool class="FieldMayBeFinal" enabled="true" level="WARNING" enabled_by_default="true" />
  <inspection_tool class="FieldMayBeStatic" enabled="true" level="WARNING" enabled_by_default="true" />
  <inspection_tool class="FieldNamingConvention" enabled="true" level="WARNING" enabled_by_default="true">
    <extension name="ConstantNamingConvention" enabled="true">
      <option name="m_regex" value="[A-Z][A-Z_\d]*" />
      <option name="m_minLength" value="2" />
      <option name="m_maxLength" value="32" />
    </extension>
    <extension name="ConstantWithMutableFieldTypeNamingConvention" enabled="true" />
    <extension name="EnumeratedConstantNamingConvention" enabled="true" />
    <extension name="InstanceVariableNamingConvention" enabled="true">
      <option name="m_regex" value="[a-z][A-Za-z\d]*" />
      <option name="m_minLength" value="2" />
      <option name="m_maxLength" value="32" />
    </extension>
    <extension name="StaticVariableNamingConvention" enabled="true">
      <option name="m_regex" value="[A-Z][A-Z_\d]*" />
      <option name="m_minLength" value="2" />
      <option name="m_maxLength" value="32" />
    </extension>
  </inspection_tool>
  <inspection_tool class="FinalMethodInFinalClass" enabled="true" level="WARNING" enabled_by_default="true" />
  <inspection_tool class="FloatingPointEquality" enabled="true" level="WARNING" enabled_by_default="true" />
  <inspection_tool class="HibernateResource" enabled="true" level="WARNING" enabled_by_default="true">
    <option name="insideTryAllowed" value="false" />
  </inspection_tool>
  <inspection_tool class="HtmlTagCanBeJavadocTag" enabled="true" level="WARNING" enabled_by_default="true" />
  <inspection_tool class="IfCanBeSwitch" enabled="true" level="WARNING" enabled_by_default="true">
    <option name="minimumBranches" value="3" />
    <option name="suggestIntSwitches" value="true" />
    <option name="suggestEnumSwitches" value="true" />
  </inspection_tool>
  <inspection_tool class="IfMayBeConditional" enabled="true" level="WARNING" enabled_by_default="true" />
  <inspection_tool class="IgnoredJUnitTest" enabled="true" level="WARNING" enabled_by_default="true" />
  <inspection_tool class="ImplicitCallToSuper" enabled="false" level="WARNING" enabled_by_default="false">
    <option name="m_ignoreForObjectSubclasses" value="true" />
  </inspection_tool>
  <inspection_tool class="InnerClassOnInterface" enabled="true" level="WARNING" enabled_by_default="true">
    <option name="m_ignoreInnerInterfaces" value="false" />
  </inspection_tool>
  <inspection_tool class="InnerClassVariableHidesOuterClassVariable" enabled="true" level="WARNING" enabled_by_default="true">
    <option name="m_ignoreInvisibleFields" value="true" />
  </inspection_tool>
  <inspection_tool class="InstanceofCatchParameter" enabled="true" level="WARNING" enabled_by_default="true" />
  <inspection_tool class="InstanceofChain" enabled="true" level="WARNING" enabled_by_default="true">
    <option name="ignoreInstanceofOnLibraryClasses" value="false" />
  </inspection_tool>
  <inspection_tool class="InstanceofInterfaces" enabled="true" level="WARNING" enabled_by_default="true" />
  <inspection_tool class="InstanceofThis" enabled="true" level="WARNING" enabled_by_default="true" />
  <inspection_tool class="IntLiteralMayBeLongLiteral" enabled="true" level="WARNING" enabled_by_default="true" />
  <inspection_tool class="IntegerMultiplicationImplicitCastToLong" enabled="true" level="WARNING" enabled_by_default="true">
    <option name="ignoreNonOverflowingCompileTimeConstants" value="true" />
  </inspection_tool>
  <inspection_tool class="InterfaceMayBeAnnotatedFunctional" enabled="true" level="INFORMATION" enabled_by_default="true" />
  <inspection_tool class="InterfaceNeverImplemented" enabled="true" level="WARNING" enabled_by_default="true">
    <option name="ignoreInterfacesThatOnlyDeclareConstants" value="false" />
  </inspection_tool>
  <inspection_tool class="IteratorHasNextCallsIteratorNext" enabled="true" level="WARNING" enabled_by_default="true" />
  <inspection_tool class="IteratorNextDoesNotThrowNoSuchElementException" enabled="true" level="WARNING" enabled_by_default="true" />
  <inspection_tool class="JDBCResource" enabled="true" level="WARNING" enabled_by_default="true">
    <option name="insideTryAllowed" value="false" />
  </inspection_tool>
  <inspection_tool class="JUnit3StyleTestMethodInJUnit4Class" enabled="true" level="WARNING" enabled_by_default="true" />
  <inspection_tool class="JUnit5AssertionsConverter" enabled="true" level="WARNING" enabled_by_default="true" />
  <inspection_tool class="JUnit5Converter" enabled="true" level="WARNING" enabled_by_default="true" />
  <inspection_tool class="JUnitDatapoint" enabled="true" level="WARNING" enabled_by_default="true" />
  <inspection_tool class="JUnitRule" enabled="true" level="WARNING" enabled_by_default="true" />
  <inspection_tool class="JavadocHtmlLint" enabled="true" level="ERROR" enabled_by_default="true" />
  <inspection_tool class="KeySetIterationMayUseEntrySet" enabled="true" level="WARNING" enabled_by_default="true" />
  <inspection_tool class="LabeledStatement" enabled="true" level="WARNING" enabled_by_default="true" />
  <inspection_tool class="LambdaParameterNamingConvention" enabled="true" level="WARNING" enabled_by_default="true" />
  <inspection_tool class="LambdaUnfriendlyMethodOverload" enabled="true" level="WARNING" enabled_by_default="true" />
  <inspection_tool class="LengthOneStringInIndexOf" enabled="true" level="WARNING" enabled_by_default="true" />
  <inspection_tool class="ListIndexOfReplaceableByContains" enabled="true" level="WARNING" enabled_by_default="true" />
  <inspection_tool class="ListenerMayUseAdapter" enabled="true" level="WARNING" enabled_by_default="true">
    <option name="checkForEmptyMethods" value="true" />
  </inspection_tool>
  <inspection_tool class="LiteralAsArgToStringEquals" enabled="true" level="INFORMATION" enabled_by_default="true" />
  <inspection_tool class="LocalCanBeFinal" enabled="true" level="WARNING" enabled_by_default="true">
    <option name="REPORT_VARIABLES" value="true" />
    <option name="REPORT_PARAMETERS" value="true" />
  </inspection_tool>
  <inspection_tool class="LocalVariableNamingConvention" enabled="true" level="WARNING" enabled_by_default="true">
    <option name="m_ignoreForLoopParameters" value="false" />
    <option name="m_ignoreCatchParameters" value="false" />
    <option name="m_regex" value="[a-z][A-Za-z\d]*" />
    <option name="m_minLength" value="1" />
    <option name="m_maxLength" value="20" />
  </inspection_tool>
  <inspection_tool class="LoggerInitializedWithForeignClass" enabled="true" level="WARNING" enabled_by_default="true">
    <option name="loggerFactoryMethodName" value="getLogger,getLogger,getLog,getLogger" />
  </inspection_tool>
  <inspection_tool class="LoopWithImplicitTerminationCondition" enabled="true" level="WARNING" enabled_by_default="true" />
  <inspection_tool class="MalformedRegex" enabled="true" level="WARNING" enabled_by_default="true" />
  <inspection_tool class="MalformedSetUpTearDown" enabled="true" level="WARNING" enabled_by_default="true" />
  <inspection_tool class="MapReplaceableByEnumMap" enabled="true" level="WARNING" enabled_by_default="true" />
  <inspection_tool class="MarkerInterface" enabled="true" level="WARNING" enabled_by_default="true" />
  <inspection_tool class="MethodMayBeStatic" enabled="true" level="WARNING" enabled_by_default="true">
    <option name="m_onlyPrivateOrFinal" value="false" />
    <option name="m_ignoreEmptyMethods" value="true" />
  </inspection_tool>
  <inspection_tool class="MethodNameSameAsParentName" enabled="true" level="WARNING" enabled_by_default="true" />
  <inspection_tool class="MethodOnlyUsedFromInnerClass" enabled="true" level="WARNING" enabled_by_default="true">
    <option name="ignoreMethodsAccessedFromAnonymousClass" value="false" />
    <option name="ignoreStaticMethodsFromNonStaticInnerClass" value="false" />
    <option name="onlyReportStaticMethods" value="false" />
  </inspection_tool>
  <inspection_tool class="MethodOverloadsParentMethod" enabled="true" level="WARNING" enabled_by_default="true" />
  <inspection_tool class="MethodOverridesInaccessibleMethodOfSuper" enabled="true" level="WARNING" enabled_by_default="true" />
  <inspection_tool class="MethodOverridesStaticMethod" enabled="true" level="WARNING" enabled_by_default="true" />
  <inspection_tool class="MigrateAssertToMatcherAssert" enabled="true" level="WARNING" enabled_by_default="true" />
  <inspection_tool class="MisorderedAssertEqualsParameters" enabled="true" level="WARNING" enabled_by_default="true" />
  <inspection_tool class="MissingDeprecatedAnnotation" enabled="true" level="WARNING" enabled_by_default="true" />
  <inspection_tool class="MissingPackageInfo" enabled="true" level="WARNING" enabled_by_default="true" />
  <inspection_tool class="MissortedModifiers" enabled="true" level="WARNING" enabled_by_default="true">
    <option name="m_requireAnnotationsFirst" value="true" />
  </inspection_tool>
  <inspection_tool class="MisspelledEquals" enabled="true" level="WARNING" enabled_by_default="true" />
  <inspection_tool class="MisspelledMethodName" enabled="true" level="WARNING" enabled_by_default="true" />
  <inspection_tool class="MultipleExceptionsDeclaredOnTestMethod" enabled="true" level="WARNING" enabled_by_default="true" />
  <inspection_tool class="MultipleTopLevelClassesInFile" enabled="true" level="WARNING" enabled_by_default="true" />
  <inspection_tool class="NativeMethods" enabled="true" level="WARNING" enabled_by_default="true" />
  <inspection_tool class="NegatedConditional" enabled="true" level="WARNING" enabled_by_default="true">
    <option name="m_ignoreNegatedNullComparison" value="true" />
  </inspection_tool>
  <inspection_tool class="NegatedConditionalExpression" enabled="true" level="WARNING" enabled_by_default="true" />
  <inspection_tool class="NegatedEqualityExpression" enabled="true" level="WARNING" enabled_by_default="true" />
  <inspection_tool class="NegatedIfElse" enabled="true" level="WARNING" enabled_by_default="true">
    <option name="m_ignoreNegatedNullComparison" value="true" />
    <option name="m_ignoreNegatedZeroComparison" value="false" />
  </inspection_tool>
  <inspection_tool class="NestedAssignment" enabled="true" level="WARNING" enabled_by_default="true" />
  <inspection_tool class="NestedSwitchStatement" enabled="true" level="WARNING" enabled_by_default="true" />
  <inspection_tool class="NestedTryStatement" enabled="true" level="WARNING" enabled_by_default="true" />
  <inspection_tool class="NewExceptionWithoutArguments" enabled="true" level="WARNING" enabled_by_default="true" />
  <inspection_tool class="NewMethodNamingConvention" enabled="true" level="WARNING" enabled_by_default="true">
    <extension name="InstanceMethodNamingConvention" enabled="true" />
    <extension name="JUnit3MethodNamingConvention" enabled="true">
      <option name="m_regex" value="[a-z][A-Za-z_\d]Test*" />
      <option name="m_minLength" value="8" />
      <option name="m_maxLength" value="64" />
    </extension>
    <extension name="JUnit4MethodNamingConvention" enabled="true">
      <option name="m_regex" value="[a-z][A-Za-z_\d]*Test" />
      <option name="m_minLength" value="7" />
      <option name="m_maxLength" value="64" />
    </extension>
    <extension name="NativeMethodNamingConvention" enabled="true" />
    <extension name="StaticMethodNamingConvention" enabled="true" />
  </inspection_tool>
  <inspection_tool class="NonBooleanMethodNameMayNotStartWithQuestion" enabled="true" level="WARNING" enabled_by_default="true">
    <option name="questionString" value="add,are,can,check,contains,could,endsWith,equals,has,is,matches,must,put,remove,shall,should,startsWith,was,were,will,would" />
    <option name="ignoreBooleanMethods" value="false" />
    <option name="onlyWarnOnBaseMethods" value="true" />
  </inspection_tool>
  <inspection_tool class="NonExceptionNameEndsWithException" enabled="true" level="WARNING" enabled_by_default="true" />
  <inspection_tool class="NonFinalFieldInEnum" enabled="true" level="WARNING" enabled_by_default="true" />
  <inspection_tool class="NonFinalFieldOfException" enabled="true" level="WARNING" enabled_by_default="true" />
  <inspection_tool class="NonFinalUtilityClass" enabled="true" level="WARNING" enabled_by_default="true" />
  <inspection_tool class="NonProtectedConstructorInAbstractClass" enabled="true" level="WARNING" enabled_by_default="true">
    <option name="m_ignoreNonPublicClasses" value="false" />
  </inspection_tool>
  <inspection_tool class="NonReproducibleMathCall" enabled="true" level="WARNING" enabled_by_default="true" />
  <inspection_tool class="NonSerializableFieldInSerializableClass" enabled="true" level="WARNING" enabled_by_default="true">
    <option name="ignorableAnnotations">
      <value />
    </option>
    <option name="ignoreAnonymousInnerClasses" value="false" />
    <option name="superClassString" value="java.awt.Component" />
  </inspection_tool>
  <inspection_tool class="NonSerializableWithSerialVersionUIDField" enabled="true" level="WARNING" enabled_by_default="true" />
  <inspection_tool class="NonShortCircuitBoolean" enabled="true" level="WARNING" enabled_by_default="true" />
  <inspection_tool class="NonStaticFinalLogger" enabled="true" level="WARNING" enabled_by_default="true">
    <option name="loggerClassName" value="java.util.logging.Logger,org.slf4j.Logger,org.apache.commons.logging.Log,org.apache.log4j.Logger,org.apache.logging.log4j.Logger" />
  </inspection_tool>
  <inspection_tool class="NoopMethodInAbstractClass" enabled="true" level="WARNING" enabled_by_default="true" />
  <inspection_tool class="NullThrown" enabled="true" level="WARNING" enabled_by_default="true" />
  <inspection_tool class="ObjectInstantiationInEqualsHashCode" enabled="true" level="WARNING" enabled_by_default="true" />
  <inspection_tool class="ObjectToString" enabled="true" level="WARNING" enabled_by_default="true" />
  <inspection_tool class="ObsoleteCollection" enabled="true" level="WARNING" enabled_by_default="true">
    <option name="ignoreRequiredObsoleteCollectionTypes" value="true" />
  </inspection_tool>
  <inspection_tool class="OnDemandImport" enabled="true" level="WARNING" enabled_by_default="true" />
  <inspection_tool class="OverlyStrongTypeCast" enabled="true" level="WARNING" enabled_by_default="true">
    <option name="ignoreInMatchingInstanceof" value="false" />
  </inspection_tool>
  <inspection_tool class="PackageDotHtmlMayBePackageInfo" enabled="true" level="WARNING" enabled_by_default="true" />
  <inspection_tool class="PackageInfoWithoutPackage" enabled="true" level="WARNING" enabled_by_default="true" />
  <inspection_tool class="PackageVisibleField" enabled="true" level="WARNING" enabled_by_default="true" />
  <inspection_tool class="PackageWithTooFewClasses" enabled="true" level="WARNING" enabled_by_default="true">
    <option name="limit" value="2" />
  </inspection_tool>
  <inspection_tool class="ParameterHidingMemberVariable" enabled="true" level="WARNING" enabled_by_default="true">
    <option name="m_ignoreInvisibleFields" value="true" />
    <option name="m_ignoreStaticMethodParametersHidingInstanceFields" value="true" />
    <option name="m_ignoreForConstructors" value="true" />
    <option name="m_ignoreForPropertySetters" value="true" />
    <option name="m_ignoreForAbstractMethods" value="false" />
  </inspection_tool>
  <inspection_tool class="ParameterNameDiffersFromOverriddenParameter" enabled="true" level="WARNING" enabled_by_default="true">
    <option name="m_ignoreSingleCharacterNames" value="false" />
    <option name="m_ignoreOverridesOfLibraryMethods" value="false" />
  </inspection_tool>
  <inspection_tool class="ParameterNamingConvention" enabled="true" level="WARNING" enabled_by_default="true">
    <option name="m_regex" value="[a-z][A-Za-z\d]*" />
    <option name="m_minLength" value="1" />
    <option name="m_maxLength" value="20" />
  </inspection_tool>
  <inspection_tool class="ParameterTypePreventsOverriding" enabled="true" level="WARNING" enabled_by_default="true" />
  <inspection_tool class="ParameterizedParametersStaticCollection" enabled="true" level="WARNING" enabled_by_default="true" />
  <inspection_tool class="PointlessIndexOfComparison" enabled="true" level="WARNING" enabled_by_default="true" />
  <inspection_tool class="ProtectedMemberInFinalClass" enabled="true" level="WARNING" enabled_by_default="true" />
  <inspection_tool class="PublicConstructorInNonPublicClass" enabled="true" level="WARNING" enabled_by_default="true" />
  <inspection_tool class="PublicMethodWithoutLogging" enabled="true" level="WARNING" enabled_by_default="true">
    <option name="loggerClassName" value="java.util.logging.Logger,org.slf4j.Logger,org.apache.commons.logging.Log,org.apache.log4j.Logger,org.apache.logging.log4j.Logger" />
  </inspection_tool>
  <inspection_tool class="PublicStaticArrayField" enabled="true" level="WARNING" enabled_by_default="true" />
  <inspection_tool class="PublicStaticCollectionField" enabled="true" level="WARNING" enabled_by_default="true" />
  <inspection_tool class="QuestionableName" enabled="true" level="WARNING" enabled_by_default="true">
    <option name="nameString" value="aa,abc,bad,bar,bar2,baz,baz1,baz2,baz3,bb,blah,bogus,bool,cc,dd,defau1t,dummy,dummy2,ee,fa1se,ff,foo,foo1,foo2,foo3,foobar,four,fred,fred1,fred2,gg,hh,hello,hello1,hello2,hello3,ii,nu11,one,silly,silly2,string,two,that,then,three,whi1e,var" />
  </inspection_tool>
  <inspection_tool class="RandomDoubleForRandomInteger" enabled="true" level="WARNING" enabled_by_default="true" />
  <inspection_tool class="RedundantFieldInitialization" enabled="true" level="WARNING" enabled_by_default="true" />
  <inspection_tool class="RedundantImplements" enabled="true" level="WARNING" enabled_by_default="true">
    <option name="ignoreSerializable" value="false" />
    <option name="ignoreCloneable" value="false" />
  </inspection_tool>
  <inspection_tool class="RedundantMethodOverride" enabled="true" level="WARNING" enabled_by_default="true" />
  <inspection_tool class="ResultOfObjectAllocationIgnored" enabled="true" level="WARNING" enabled_by_default="true" />
  <inspection_tool class="ResultSetIndexZero" enabled="true" level="WARNING" enabled_by_default="true" />
  <inspection_tool class="ReturnNull" enabled="true" level="WARNING" enabled_by_default="true">
    <option name="m_reportObjectMethods" value="true" />
    <option name="m_reportArrayMethods" value="true" />
    <option name="m_reportCollectionMethods" value="true" />
    <option name="m_ignorePrivateMethods" value="true" />
  </inspection_tool>
  <inspection_tool class="ReuseOfLocalVariable" enabled="true" level="WARNING" enabled_by_default="true" />
  <inspection_tool class="SamePackageImport" enabled="true" level="WARNING" enabled_by_default="true" />
  <inspection_tool class="SerializableHasSerialVersionUIDField" enabled="true" level="WARNING" enabled_by_default="true">
    <option name="ignoreAnonymousInnerClasses" value="false" />
    <option name="superClassString" value="java.awt.Component" />
  </inspection_tool>
  <inspection_tool class="SetReplaceableByEnumSet" enabled="true" level="WARNING" enabled_by_default="true" />
  <inspection_tool class="SimplifiableEqualsExpression" enabled="true" level="WARNING" enabled_by_default="true" />
  <inspection_tool class="SizeReplaceableByIsEmpty" enabled="true" level="INFORMATION" enabled_by_default="true" />
  <inspection_tool class="SqlGotoInspection" enabled="true" level="WARNING" enabled_by_default="true" />
  <inspection_tool class="StaticInheritance" enabled="true" level="WARNING" enabled_by_default="true" />
  <inspection_tool class="StringBufferMustHaveInitialCapacity" enabled="true" level="WARNING" enabled_by_default="true" />
  <inspection_tool class="StringConcatenationInFormatCall" enabled="true" level="WARNING" enabled_by_default="true" />
  <inspection_tool class="StringConcatenationInMessageFormatCall" enabled="true" level="WARNING" enabled_by_default="true" />
  <inspection_tool class="StringConcatenationMissingWhitespace" enabled="true" level="WARNING" enabled_by_default="true" />
  <inspection_tool class="StringEqualsEmptyString" enabled="true" level="WARNING" enabled_by_default="true" />
  <inspection_tool class="StringReplaceableByStringBuffer" enabled="true" level="WARNING" enabled_by_default="true">
    <option name="onlyWarnOnLoop" value="false" />
  </inspection_tool>
  <inspection_tool class="SuperTearDownInFinally" enabled="true" level="WARNING" enabled_by_default="true" />
  <inspection_tool class="SuspiciousArrayCast" enabled="true" level="WARNING" enabled_by_default="true" />
  <inspection_tool class="SuspiciousIndentAfterControlStatement" enabled="true" level="WARNING" enabled_by_default="true" />
  <inspection_tool class="SuspiciousLiteralUnderscore" enabled="true" level="WARNING" enabled_by_default="true" />
  <inspection_tool class="SwitchStatementWithConfusingDeclaration" enabled="true" level="WARNING" enabled_by_default="true" />
  <inspection_tool class="SystemExit" enabled="true" level="WARNING" enabled_by_default="true" />
  <inspection_tool class="SystemGetenv" enabled="true" level="WARNING" enabled_by_default="true" />
  <inspection_tool class="TestCaseInProductCode" enabled="true" level="WARNING" enabled_by_default="true" />
  <inspection_tool class="TestCaseWithConstructor" enabled="true" level="WARNING" enabled_by_default="true" />
  <inspection_tool class="TestCaseWithNoTestMethods" enabled="true" level="WARNING" enabled_by_default="true">
    <option name="ignoreSupers" value="true" />
  </inspection_tool>
  <inspection_tool class="TestMethodInProductCode" enabled="true" level="WARNING" enabled_by_default="true" />
  <inspection_tool class="TestMethodWithoutAssertion" enabled="true" level="WARNING" enabled_by_default="true" />
  <inspection_tool class="TestOnlyProblems" enabled="true" level="WARNING" enabled_by_default="true" />
  <inspection_tool class="ThrowCaughtLocally" enabled="true" level="WARNING" enabled_by_default="true">
    <option name="ignoreRethrownExceptions" value="false" />
  </inspection_tool>
  <inspection_tool class="ThrowablePrintStackTrace" enabled="true" level="WARNING" enabled_by_default="true" />
  <inspection_tool class="TooBroadCatch" enabled="true" level="WARNING" enabled_by_default="true">
    <option name="onlyWarnOnRootExceptions" value="true" />
  </inspection_tool>
  <inspection_tool class="TooBroadThrows" enabled="true" level="WARNING" enabled_by_default="true">
    <option name="onlyWarnOnRootExceptions" value="true" />
    <option name="ignoreLibraryOverrides" value="true" />
  </inspection_tool>
  <inspection_tool class="TrivialStringConcatenation" enabled="true" level="WARNING" enabled_by_default="true" />
  <inspection_tool class="TypeMayBeWeakened" enabled="true" level="WARNING" enabled_by_default="true">
    <option name="useRighthandTypeAsWeakestTypeInAssignments" value="true" />
    <option name="useParameterizedTypeForCollectionMethods" value="true" />
    <option name="doNotWeakenToJavaLangObject" value="true" />
    <option name="onlyWeakentoInterface" value="true" />
  </inspection_tool>
  <inspection_tool class="TypeParameterExtendsFinalClass" enabled="true" level="WARNING" enabled_by_default="true" />
  <inspection_tool class="UnaryPlus" enabled="true" level="WARNING" enabled_by_default="true" />
  <inspection_tool class="UnnecessaryInheritDoc" enabled="true" level="WARNING" enabled_by_default="true" />
  <inspection_tool class="UnnecessaryJavaDocLink" enabled="true" level="WARNING" enabled_by_default="true">
    <option name="ignoreInlineLinkToSuper" value="false" />
  </inspection_tool>
  <inspection_tool class="UnnecessaryQualifierForThis" enabled="true" level="WARNING" enabled_by_default="true" />
  <inspection_tool class="UnnecessarySemicolon" enabled="true" level="INFORMATION" enabled_by_default="true" />
  <inspection_tool class="UnnecessarySuperConstructor" enabled="true" level="WARNING" enabled_by_default="true" />
  <inspection_tool class="UnnecessaryThis" enabled="true" level="WARNING" enabled_by_default="true" />
  <inspection_tool class="UnnecessaryUnaryMinus" enabled="true" level="WARNING" enabled_by_default="true" />
  <inspection_tool class="UpperCaseFieldNameNotConstant" enabled="true" level="WARNING" enabled_by_default="true" />
  <inspection_tool class="UseOfJDBCDriverClass" enabled="true" level="WARNING" enabled_by_default="true" />
  <inspection_tool class="UseOfObsoleteAssert" enabled="true" level="WARNING" enabled_by_default="true" />
  <inspection_tool class="UtilityClassWithPublicConstructor" enabled="true" level="WARNING" enabled_by_default="true" />
  <inspection_tool class="UtilityClassWithoutPrivateConstructor" enabled="true" level="WARNING" enabled_by_default="true">
    <option name="ignorableAnnotations">
      <value />
    </option>
    <option name="ignoreClassesWithOnlyMain" value="false" />
  </inspection_tool>
  <inspection_tool class="VariableNotUsedInsideIf" enabled="true" level="WARNING" enabled_by_default="true" />
  <inspection_tool class="WeakerAccess" enabled="true" level="WARNING" enabled_by_default="true">
    <option name="SUGGEST_PACKAGE_LOCAL_FOR_MEMBERS" value="true" />
    <option name="SUGGEST_PACKAGE_LOCAL_FOR_TOP_CLASSES" value="true" />
    <option name="SUGGEST_PRIVATE_FOR_INNERS" value="true" />
  </inspection_tool>
</profile>